campaign_id,campaign_name,objective,ad_group
120206279824710641,CBO | Testing Campaign | Whatsapp | Mar 13 2024,OUTCOME_ENGAGEMENT,App
120206661180810641,Awareness 2024,OUTCOME_AWARENESS,Brand & awareness
120206662557710641,Scaling | Physiotherapy,OUTCOME_ENGAGEMENT,Physiotherapy
120206662819920641,Creative Testing Hub,OUTCOME_ENGAGEMENT,All services (general)
120207484168300641,Engagement Campaign,OUTCOME_ENGAGEMENT,Brand & awareness
120207512748190641,App Engagment,OUTCOME_ENGAGEMENT,App
120207562967710641,Slaes Objective | Physio,OUTCOME_SALES,Physiotherapy
120207719672750641,CALLS CTA,OUTCOME_ENGAGEMENT,All services (general)
120207749462600641,Physiotherapy | Full Advantage+ | 2024/4/29,OUTCOME_ENGAGEMENT,Physiotherapy
120207749526440641,Physiotherapy | Original Audience | 2024/4/29,OUTCOME_ENGAGEMENT,Physiotherapy
120207889875270641,App Awareness | Link Click | Android | 2024/5/4,OUTCOME_APP_PROMOTION,App
120207890948560641,App Traffic (Linktree) 2024/5/4,OUTCOME_TRAFFIC,App
120208006821180641,Nursing | Advantage+ | Targeted Cities | Tailored messages campaign | 2024/5/8,OUTCOME_ENGAGEMENT,Nursing
120208008060280641,Nursing | Original Audience | Feed Only | 2024/5/8,OUTCOME_ENGAGEMENT,Nursing
120208187492930641,IPR | Original Audince | CBO | 2024/5/13,OUTCOME_ENGAGEMENT,International referral
120208209680880641,Nursing | $5 | WA & Msgr | Rich PPL | 2024/5/13,OUTCOME_ENGAGEMENT,Nursing
120208466688490641,Nursing CBO 2024/5/19,OUTCOME_ENGAGEMENT,Nursing
120208586907690641,Lab Test | Original Audince | 2024/5/22,OUTCOME_ENGAGEMENT,Lab tests
120208780726700641,App Installs | Android | 2024 May 27,OUTCOME_APP_PROMOTION,App
120208780823020641,App Installs | iOS | 2024 May 27,OUTCOME_APP_PROMOTION,App
120208838386040641,Physiotherapy | LAL | 2024 May 30,OUTCOME_ENGAGEMENT,Physiotherapy
120208838386070641,Physiotherapy | Full Advantage+ | 2024 May 30,OUTCOME_ENGAGEMENT,Physiotherapy
120208838386110641,Physiotherapy | Original Audience | 2024 May 30,OUTCOME_ENGAGEMENT,Physiotherapy
120208838433360641,Nursing | Instant Forms | 2024 May 30,OUTCOME_LEADS,Nursing
120208900306680641,📍Physiotherapy | $6 | Testing,OUTCOME_ENGAGEMENT,Physiotherapy
120208900779870641,Hiring Campaign,OUTCOME_ENGAGEMENT,Recruitment
120208901761200641,Nursing | Testing,OUTCOME_ENGAGEMENT,Nursing
120208943174270641,Omni Awareness Campaign,OUTCOME_AWARENESS,Brand & awareness
120209505761140641,Dr Visit | $5 | Testing,OUTCOME_ENGAGEMENT,Doctor visit
120209528715310641,Imaging Services | $8 | 2024 Jul 7,OUTCOME_ENGAGEMENT,Imaging
120209654211350641,Physiotherapy | Original Audience | 2024 Jul 15,OUTCOME_ENGAGEMENT,Physiotherapy
120209655369130641,Physiotherapy | $10 | LAL | 2024 Jul 15,OUTCOME_ENGAGEMENT,Physiotherapy
120209655369140641,Physiotherapy | $10 | +A | 2024 Jul 15,OUTCOME_ENGAGEMENT,Physiotherapy
120210030896530641,Dr Visit | $15 | Original Audience | 2024/8/1,OUTCOME_ENGAGEMENT,Doctor visit
120210069184820641,IPR | Original Audince | 2024/8/3 | 10$,OUTCOME_ENGAGEMENT,International referral
120210069714370641,B2B | Medical Field | 2024/8/3 | $5,OUTCOME_ENGAGEMENT,B2B
120210069884170641,Aster Dr. Rafi,OUTCOME_ENGAGEMENT,Doctor visit
120210230455380641,B2B | Businesses | $10 | 2024/8/12,OUTCOME_ENGAGEMENT,B2B
120210231454980641,Physiotherapy Course | $10 | CBO | 2024/8/12,OUTCOME_ENGAGEMENT,Physiotherapy
120210280533550641,Physiotherapy | $10 | +A | 2024 Aug 14,OUTCOME_ENGAGEMENT,Physiotherapy
120210280533560641,Physiotherapy | $5 | LAL | 2024 Aug 14,OUTCOME_ENGAGEMENT,Physiotherapy
120210280533570641,Physiotherapy | $15 | Original Audience | 2024 Aug 14,OUTCOME_ENGAGEMENT,Physiotherapy
120210280693630641,📍Lab Test | Original Audince | 2024 Aug 14,OUTCOME_ENGAGEMENT,Lab tests
120210671340250641,Physiotherapy | $15 | Original Audience | 2024 Sep 1,OUTCOME_ENGAGEMENT,Physiotherapy
120210671340350641,Physiotherapy | $5 | LAL | 2024 Sep 1,OUTCOME_ENGAGEMENT,Physiotherapy
120210671340420641,Physiotherapy | $10 | +A | 2024 Sep 1,OUTCOME_ENGAGEMENT,Physiotherapy
120210706603890641,Physiotherapy | $15 | Original Audience | 2024 Sep 3,OUTCOME_ENGAGEMENT,Physiotherapy
120210706603990641,Physiotherapy | $5 | LAL | 2024 Sep 3,OUTCOME_ENGAGEMENT,Physiotherapy
120210706668880641,📍Imaging Services | $8 | 2024 Sep 3,OUTCOME_ENGAGEMENT,Imaging
120210706674940641,📍Dr Visit Main | $35,OUTCOME_ENGAGEMENT,Doctor visit
120210789115000641,📍🌟Physiotherapy | $25 | Original Audience | 2024 Sep 6,OUTCOME_ENGAGEMENT,Physiotherapy
120210789294890641,📍🌟Physiotherapy | $10 | LAL | 2024 Sep 6,OUTCOME_ENGAGEMENT,Physiotherapy
120210851637240641,Physiotherapy | Video Only | $15 | Original Audience | 2024 Sep 9,OUTCOME_ENGAGEMENT,Physiotherapy
120211120211460641,Physiotherapy | $10 | PRICE | Original Audience | 2024 Sep 20,OUTCOME_ENGAGEMENT,Physiotherapy
120211593344760641,Nursing TESTING CBO 2024/10/10,OUTCOME_ENGAGEMENT,Nursing
120211749809770641,Brace | Messaging | TESTING CBO | 2024/10/16,OUTCOME_ENGAGEMENT,Products
120211750161900641,Eye Exam Messages | TESTING CBO | 2024/10/16,OUTCOME_ENGAGEMENT,Eye exam
120211830163520641,Brace | Leads Form | TESTING CBO | 2024/10/18,OUTCOME_LEADS,Products
120211861521690641,Physiotherapy | 10$ | Leads Form | TESTING CBO | 2024/10/18,OUTCOME_LEADS,Physiotherapy
120211977092830641,IPR | Original Audince | 2024/10/25 | 5$,OUTCOME_ENGAGEMENT,International referral
120212225335390641,📍Wound Care | 2024/11/5,OUTCOME_ENGAGEMENT,Wound care
120212225436330641,Second Opinion B2C | 2024/11/5 | 10$,OUTCOME_ENGAGEMENT,Telemedicine
120212331723170641,Nursing Testing 2024/11/10,OUTCOME_ENGAGEMENT,Nursing
120212698323840641,B2B Expert-i | 2024 Nov 25,OUTCOME_ENGAGEMENT,B2B
120212724291700641,IPR | Original Audince | 2024/10/25 | 5$ - Copy,OUTCOME_LEADS,International referral
120214772973230641,Surgery | Leads | 2025.2.1 | $6,OUTCOME_LEADS,Surgery
120215691416470641,X-Ray TESTING WHATSAPP API,OUTCOME_ENGAGEMENT,Imaging
120216196569370641,Nursing | 3O CBO | $35 | 2025/2/25,OUTCOME_ENGAGEMENT,Nursing
120216529181230641,Eye Exam | CBO | 2025/2/28,OUTCOME_ENGAGEMENT,Eye exam
120216723498230641,Nursing | 3O | $37 | 2025/3/4,OUTCOME_ENGAGEMENT,Nursing
120216838023660641,Dr Visit | 3O | 2025/3/7,OUTCOME_ENGAGEMENT,Doctor visit
120216881835510641,Ramadan Awareness Campaign,OUTCOME_AWARENESS,Brand & awareness
120217584669180641,Hiring | Wati | march 25,OUTCOME_ENGAGEMENT,Recruitment
120219022528740641,TOF | Website | Baghdad Rich Areas,OUTCOME_LEADS,Products
120220236537300641,MOF | Website | BRA | CBO $20,OUTCOME_LEADS,All services (general)
120220660081950641,TOF | Whatsapp | Website | Baghdad Rich Areas,OUTCOME_ENGAGEMENT,Products
120220666264530641,MOF | Whatsapp | BRA | CBO $25,OUTCOME_ENGAGEMENT,App
120220813947310641,📍Nursing | $35,OUTCOME_ENGAGEMENT,Nursing
120220820768680641,Dr Visit,OUTCOME_ENGAGEMENT,Doctor visit
120221855998800641,Profile Traffic Campaign (Followers) | $12 | May 1,OUTCOME_TRAFFIC,Brand & awareness
120222834173730641,Profile Traffic Campaign (Followers) | $12 | May 7,OUTCOME_TRAFFIC,Brand & awareness
120223118964430641,📍Physiotherapy Main | Sales Objective,OUTCOME_SALES,Physiotherapy
120223432964300641,Saleem Bag $15,OUTCOME_SALES,Products
120224400085400641,Dr Visit Main | $35 - Copy,OUTCOME_ENGAGEMENT,Doctor visit
120224400085510641,Lab Test | Original Audince | 2024 Aug 14 - Copy,OUTCOME_ENGAGEMENT,Lab tests
120224400085540641,Physiotherapy Main | Sales Objective - Copy,OUTCOME_SALES,Physiotherapy
120224400085590641,Imaging Services | $8 | 2024 Sep 3 - Copy,OUTCOME_ENGAGEMENT,Imaging
120224400085600641,Physiotherapy | $6 | Testing - Copy,OUTCOME_ENGAGEMENT,Physiotherapy
120224400085610641,🌟Physiotherapy | $10 | LAL | 2024 Sep 6 - Copy,OUTCOME_ENGAGEMENT,Physiotherapy
120224400085620641,Wound Care | 2024/11/5 - Copy,OUTCOME_ENGAGEMENT,Wound care
120224400085640641,Nursing | $35 - Copy,OUTCOME_ENGAGEMENT,Nursing
120224400085780641,🌟Physiotherapy | $25 | Original Audience | 2024 Sep 6 - Copy,OUTCOME_ENGAGEMENT,Physiotherapy
120225607512910641,mini TVCs 2025,OUTCOME_ENGAGEMENT,Brand & awareness
120225660544580641,🌟Physiotherapy | $25 | Original Audience | 2024 Sep 6 - Respond.io,OUTCOME_ENGAGEMENT,Physiotherapy
120225660544600641,Dr Visit - Respond.io,OUTCOME_ENGAGEMENT,Doctor visit
120225660545140641,Lab Test - Respond.io,OUTCOME_ENGAGEMENT,Lab tests
120225660545330641,Wound Care - Respond.io,OUTCOME_ENGAGEMENT,Wound care
120225660545340641,Imaging Services | $8 | 2024 Sep 3 - Respond.io,OUTCOME_ENGAGEMENT,Imaging
120225660545360641,Nursing | $35 - Respond.io,OUTCOME_ENGAGEMENT,Nursing
120225660545370641,🌟Physiotherapy | $10 | LAL | 2024 Sep 6 - Respond.io,OUTCOME_ENGAGEMENT,Physiotherapy
120225660545520641,Physiotherapy | $6 | Testing - Respond.io,OUTCOME_ENGAGEMENT,Physiotherapy
120226320691760641,Physiotherapy | $6 | Testing - Respond.io - Copy,OUTCOME_ENGAGEMENT,Physiotherapy
120226320691790641,Wound Care - Respond.io - Copy,OUTCOME_ENGAGEMENT,Wound care
120226320691810641,Nursing | $35 - Respond.io - Copy,OUTCOME_ENGAGEMENT,Nursing
120226320691820641,🌟Physiotherapy | $10 | LAL | 2024 Sep 6 - Respond.io - Copy,OUTCOME_ENGAGEMENT,Physiotherapy
120226320691830641,Imaging Services | $8 | 2024 Sep 3 - Respond.io - Copy,OUTCOME_ENGAGEMENT,Imaging
120226320691840641,Dr Visit - Respond.io - Copy,OUTCOME_ENGAGEMENT,Doctor visit
120226320691860641,Lab Test - Respond.io - Copy,OUTCOME_ENGAGEMENT,Lab tests
120226320691880641,🌟Physiotherapy | $25 | Original Audience | 2024 Sep 6 - Respond.io - Copy,OUTCOME_ENGAGEMENT,Physiotherapy
120227060315070641,B2B | Leads,OUTCOME_LEADS,B2B
120227303716570641,Imaging Services | $8 | Respond.io 2025Jul10,OUTCOME_ENGAGEMENT,Imaging
120227303716680641,Physiotherapy | $6 | Testing - Respond.io 2025Jul10,OUTCOME_ENGAGEMENT,Physiotherapy
120227303716690641,Wound Care - Respond.io 2025Jul10,OUTCOME_ENGAGEMENT,Wound care
120227303716700641,Dr Visit - Respond.io 2025Jul10,OUTCOME_ENGAGEMENT,Doctor visit
120227303716710641,Lab Test - Respond.io 2025Jul10,OUTCOME_ENGAGEMENT,Lab tests
120227303716720641,Physiotherapy | Respond.io 2025Jul10,OUTCOME_ENGAGEMENT,Physiotherapy
120227303717360641,Nursing | $35 - Respond.io 2025Jul10,OUTCOME_ENGAGEMENT,Nursing
120227412239930641,Dr Visit - Respond.io 2025Jul13,OUTCOME_ENGAGEMENT,Doctor visit
120227412239950641,Imaging Services | $8 | Respond.io 2025Jul13,OUTCOME_ENGAGEMENT,Imaging
120227412239960641,Lab Test - Respond.io 2025Jul13,OUTCOME_ENGAGEMENT,Lab tests
120227412239980641,Physiotherapy | $6 | Testing - Respond.io 2025Jul13,OUTCOME_ENGAGEMENT,Physiotherapy
120227412240000641,Nursing | $35 - Respond.io 2025Jul13,OUTCOME_ENGAGEMENT,Nursing
120227412240020641,Physiotherapy | Respond.io 2025Jul13,OUTCOME_ENGAGEMENT,Physiotherapy
120227412240720641,Wound Care - Respond.io 2025Jul13,OUTCOME_ENGAGEMENT,Wound care
120227445417210641,Dr Visit - Respond.io 2025Jul13 - Copy,OUTCOME_ENGAGEMENT,Doctor visit
120227445417220641,Imaging Services | $8 | Respond.io 2025Jul13 - Copy,OUTCOME_ENGAGEMENT,Imaging
120227445417230641,Physiotherapy | Respond.io 2025Jul13 - Copy,OUTCOME_ENGAGEMENT,Physiotherapy
120227445417250641,Nursing | $35 - Respond.io 2025Jul13 - Copy,OUTCOME_ENGAGEMENT,Nursing
120227445417310641,Physiotherapy | $6 | Testing - Respond.io 2025Jul13 - Copy,OUTCOME_ENGAGEMENT,Physiotherapy
120227445417320641,Wound Care - Respond.io 2025Jul13 - Copy,OUTCOME_ENGAGEMENT,Wound care
120227445417350641,Lab Test - Respond.io 2025Jul13 - Copy,OUTCOME_ENGAGEMENT,Lab tests
120228579427670641,Imaging Services - ABO - 2025Aug1,OUTCOME_ENGAGEMENT,Imaging
120228579427710641,Dr Visit - CBO - 2025Aug1,OUTCOME_ENGAGEMENT,Doctor visit
120228579427740641,Nursing - CBO - 2025Aug1,OUTCOME_ENGAGEMENT,Nursing
120228579427750641,Physiotherapy - CBO - 2025Aug1,OUTCOME_ENGAGEMENT,Physiotherapy
120228579427760641,Wound Care - CBO - 2025Aug1,OUTCOME_ENGAGEMENT,Wound care
120228579427770641,Lab Test - CBO - 2025Aug1,OUTCOME_ENGAGEMENT,Lab tests
120229306970220641,Physiotherapy - 2025Aug15,OUTCOME_ENGAGEMENT,Physiotherapy
120229325762870641,Nursing - 2025Aug15,OUTCOME_ENGAGEMENT,Nursing
120229326433050641,Dr Visit - 2025Aug15,OUTCOME_ENGAGEMENT,Doctor visit
120229775957540641,Recruiting,OUTCOME_LEADS,Recruitment
120229843415210641,Recruiting Messages,OUTCOME_ENGAGEMENT,Recruitment
120230441426230641,DrVisit - 2025Sep3,OUTCOME_ENGAGEMENT,Doctor visit
120230714232220641,Physio Offer 20$/day,OUTCOME_ENGAGEMENT,Physiotherapy
120230752385950641,SALES | DrVisit | FB Only,OUTCOME_SALES,Doctor visit
120230908749470641,SALES | Physiotherapy | 25.9.11 | CBO $40,OUTCOME_SALES,Physiotherapy
120231141591010641,Sales | General,OUTCOME_SALES,All services (general)
120232492438500641,Purchase | Andromeda | 25.10.9,OUTCOME_SALES,All services (general)
120232737782800641,Bag Sales | Rozenama,OUTCOME_SALES,Products
120233369396810641,Arab Therapy Leads,OUTCOME_LEADS,Telemedicine
120234966687040641,Arab Therapy | 2025.11.16 | $20,OUTCOME_SALES,Telemedicine
120235078370530641,Bags Sales,OUTCOME_SALES,Products
120235078931080641,Bags Sales - msg,OUTCOME_ENGAGEMENT,Products
120236657763920641,iOS App Installs,OUTCOME_APP_PROMOTION,App
120236657895780641,Android App Installs,OUTCOME_APP_PROMOTION,App
120238023250780641,Dr Visit | Andromed CPAS,OUTCOME_SALES,Doctor visit
120238560005370641,Messages Campaign | Jan 2026,OUTCOME_ENGAGEMENT,All services (general)
120238675409770641,Nursing | $61 | CBO TOFU | Engagement Msgs,OUTCOME_SALES,Nursing
120239705080970641,Ramadan 2026 Sales Campaign,OUTCOME_SALES,All services (general)
120241966264500641,TESTING ABO | All Services,OUTCOME_ENGAGEMENT,All services (general)
120242051468850641,Physiotherapy | WINNERS CBO,OUTCOME_SALES,Physiotherapy
120242062940210641,Nursing | WINNERS CBO,OUTCOME_SALES,Nursing
120242062962520641,Lab Test | WINNERS CBO,OUTCOME_SALES,Lab tests
120242062962530641,DrVisit | WINNERS CBO,OUTCOME_SALES,Doctor visit
120242225844470641,TESTING | Msg Vol | All Services,OUTCOME_ENGAGEMENT,All services (general)
120242398107390641,iOS installs | AF | 2026/4/17,OUTCOME_APP_PROMOTION,App
120242398643690641,Android Installs | AF | 2026/4/17,OUTCOME_APP_PROMOTION,App
120242543666780641,DrVisit | Msg Vol | WINNERS CBO,OUTCOME_ENGAGEMENT,Doctor visit
120242543867550641,Physiotherapy | Msg Vol | WINNERS CBO,OUTCOME_ENGAGEMENT,Physiotherapy
120242544210890641,Nursing | Msg Vol | WINNERS CBO,OUTCOME_SALES,Nursing
120242545277010641,Lab Test | Msg Vol | WINNERS CBO,OUTCOME_ENGAGEMENT,Lab tests
120242571085330641,Nursing | Msg Vol | WINNERS CBO - Copy,OUTCOME_ENGAGEMENT,Nursing
120243699693650641,Friday Campaign,OUTCOME_ENGAGEMENT,All services (general)
120243794810700641,Nursing | Msg Vol | WINNERS ABO,OUTCOME_ENGAGEMENT,Nursing
120243795563080641,Physiotherapy | Msg Vol | WINNERS ABO,OUTCOME_ENGAGEMENT,Physiotherapy
120243797074370641,DrVisit | Msg Vol | WINNERS ABO,OUTCOME_ENGAGEMENT,Doctor visit
120243987229290641,B2B | Msg Vol | 2026 May 14,OUTCOME_ENGAGEMENT,B2B
120244454826100641,Retargeting CBO | All customers list,OUTCOME_SALES,All services (general)
120244465663740641,Calls Test,OUTCOME_SALES,All services (general)
120245547322430641,Physiotherapy New Test,OUTCOME_SALES,Physiotherapy
120247539219840641,App Reg RT | Android | 2026/7/1,OUTCOME_APP_PROMOTION,App
120248648659640641,Physiotherapy | Pur through Msg | 2026 Aug 11,OUTCOME_ENGAGEMENT,Physiotherapy
120248650558730641,Nursing | Pur through Msg | 2026 Aug 11,OUTCOME_ENGAGEMENT,Nursing
120248651251340641,Dr Visit | Pur through Msg | 2026 Aug 11,OUTCOME_ENGAGEMENT,Doctor visit
120248671987100641,Android App Purchase | AF | 2026/8/12,OUTCOME_APP_PROMOTION,App
120248822994440641,Hillah Physiotherapy,OUTCOME_ENGAGEMENT,Physiotherapy
120248963572680641,Dr Visit | 2026 Aug 29,OUTCOME_ENGAGEMENT,Doctor visit
120248963701120641,Nursing | 2026 Aug 29,OUTCOME_ENGAGEMENT,Nursing
120248963774150641,Physiotherapy | 2026 Aug 29,OUTCOME_ENGAGEMENT,Physiotherapy
120248673438050641,Android App Purchase | LAB TEST | AF | 2026/8/12,OUTCOME_APP_PROMOTION,Lab tests
120249117919650641,Ultrasound + Doppler,OUTCOME_ENGAGEMENT,Imaging
120249191330680641,Staff,OUTCOME_LEADS,Recruitment
120249272891680641,Physiotherapy Leads,OUTCOME_LEADS,Physiotherapy
