day,spend_usd,impressions,reach,clicks,link_clicks
2024-03-14,10.02,7995,6578,580,33
2024-03-15,10.26,8432,6657,777,53
2024-03-16,9.72,8419,6435,959,48
2024-03-17,10.23,8357,6668,976,50
2024-03-18,10.25,10513,8208,983,51
2024-03-19,10.16,10807,8168,862,49
2024-03-20,8.21,8175,7172,301,17
2024-03-21,9.63,8770,7468,183,11
2024-03-22,10.63,10318,8602,213,14
2024-03-23,3.74,4050,3589,73,10
2024-03-24,22.26,57706,51858,1310,73
2024-03-25,22.76,56455,53395,1390,96
2024-03-26,25.76,54019,51188,1363,113
2024-03-27,25.37,51429,47471,1307,110
2024-03-28,25.21,51109,45146,1194,110
2024-03-29,24.34,50878,46907,1234,93
2024-03-30,23.08,52221,46670,1391,106
2024-03-31,24.98,54071,48652,1524,102
2024-04-01,25.96,60206,55898,1681,102
2024-04-02,25.62,61353,57217,1532,107
2024-04-03,31.76,60838,56137,1571,85
2024-04-04,32.87,57866,55624,1473,89
2024-04-05,33.52,63935,57696,1578,102
2024-04-06,27.49,60135,56865,1573,99
2024-04-07,26.57,60984,57868,1705,74
2024-04-08,26.75,70560,66797,1867,90
2024-04-09,26.64,69367,65355,1475,87
2024-04-10,19.63,84621,81808,1239,78
2024-04-11,16.44,68620,68540,870,71
2024-04-12,11.95,54539,51777,725,69
2024-04-13,15.3,26985,23393,1236,47
2024-04-14,25.14,34469,26451,1755,138
2024-04-15,25.99,33850,25142,1735,145
2024-04-16,25.69,31593,24218,1627,133
2024-04-17,24.96,29596,23787,1527,132
2024-04-18,26.35,29544,24651,1413,111
2024-04-19,35.14,38311,30709,1953,151
2024-04-20,49.16,75917,53984,3076,494
2024-04-21,50,87147,62875,3003,601
2024-04-22,43.49,70645,53011,2419,508
2024-04-23,43.94,66126,48391,2381,414
2024-04-24,42.47,67351,47482,2206,555
2024-04-25,42.2,62182,45915,1928,524
2024-04-26,43.36,60848,41978,1978,609
2024-04-27,39.85,49906,42509,1652,260
2024-04-28,36.51,35712,31197,1310,137
2024-04-29,40.09,48615,40092,1611,151
2024-04-30,40.88,48575,41149,1822,152
2024-05-01,40.37,47827,41274,1477,115
2024-05-02,38.8,47012,39964,1298,109
2024-05-03,37.95,44710,38100,1396,117
2024-05-04,37.31,46326,41013,1668,516
2024-05-05,35.94,25887,21325,1097,70
2024-05-06,37.21,28347,22835,1262,90
2024-05-07,38.45,26780,22108,1100,96
2024-05-08,47.91,34306,27642,1341,126
2024-05-09,46.3,35770,28441,1354,142
2024-05-10,43.67,33035,26993,1171,120
2024-05-11,31.71,21483,17267,934,100
2024-05-12,36.05,25710,20556,956,106
2024-05-13,41.62,31747,25864,1166,123
2024-05-14,43.91,33843,26275,1344,148
2024-05-15,43.43,30498,24491,1347,151
2024-05-16,42.36,29974,23869,1096,123
2024-05-17,43.05,36001,28512,1200,93
2024-05-18,41.23,28388,22897,1124,126
2024-05-19,57.73,45298,35707,2199,528
2024-05-20,54.17,52167,42923,2161,673
2024-05-21,54.6,46769,38314,2290,771
2024-05-22,58.11,47680,39849,2483,955
2024-05-23,57.23,48209,40823,2194,902
2024-05-24,58.36,50344,42049,2473,973
2024-05-25,53.63,47624,41513,2248,755
2024-05-26,59.9,49319,40028,2292,907
2024-05-27,62.37,53318,43304,2208,624
2024-05-28,65.12,61939,50917,2569,583
2024-05-29,64.86,58322,49520,2319,581
2024-05-30,74.61,68110,57937,2470,625
2024-05-31,72.07,67722,56156,2549,669
2024-06-01,67.2,79939,66895,2918,737
2024-06-02,77.77,75561,61685,2753,788
2024-06-03,75.73,76506,62480,2580,553
2024-06-04,72.29,67900,56136,2486,562
2024-06-05,72.07,75117,57675,2585,675
2024-06-06,80.87,169280,119529,2423,704
2024-06-07,83.25,175997,131967,2509,697
2024-06-08,82.61,195195,144859,2687,750
2024-06-09,86.09,185448,139854,2767,738
2024-06-10,84.72,174018,134078,2300,670
2024-06-11,83.56,179183,142792,2474,687
2024-06-12,84.3,176295,137618,2413,614
2024-06-13,85.12,171112,139041,2297,615
2024-06-14,79.96,166103,124359,2495,753
2024-06-15,77.66,190443,151996,2672,837
2024-06-16,46.04,169810,130359,1992,579
2024-06-17,32.93,154797,111700,1430,531
2024-06-18,33.34,157684,109821,1425,559
2024-06-19,33.09,176508,121144,1509,512
2024-06-20,33.53,156656,112433,1580,547
2024-06-21,80.67,216586,157481,2810,833
2024-06-22,81.2,232860,168394,2989,898
2024-06-23,71.44,192932,143860,2410,718
2024-06-24,71.28,200698,154015,2165,673
2024-06-25,72,194807,150008,2168,625
2024-06-26,70.59,177380,134651,1768,534
2024-06-27,70.51,163350,125993,1880,616
2024-06-28,71.5,173678,136629,2013,661
2024-06-29,68.83,172724,126732,1924,617
2024-06-30,71.83,182150,138638,2119,640
2024-07-01,71.01,184552,140066,2098,649
2024-07-02,71.83,200641,155968,2076,602
2024-07-03,79.76,204635,151692,2355,656
2024-07-04,80.58,206916,154480,2448,683
2024-07-05,79.82,200356,151560,2348,667
2024-07-06,83.42,212060,162068,2571,701
2024-07-07,93.86,199392,150154,3187,714
2024-07-08,105.52,217443,164453,4184,745
2024-07-09,102.79,214425,151371,3924,756
2024-07-10,102.14,202488,150805,3856,730
2024-07-11,103.34,217194,153270,4225,806
2024-07-12,99.6,213108,145997,3709,743
2024-07-13,99.18,210980,145235,3854,717
2024-07-14,102.15,208621,157214,3510,733
2024-07-15,107.3,220205,157986,3786,752
2024-07-16,101.24,228762,173228,4298,814
2024-07-17,101.38,242713,176690,4249,813
2024-07-18,100,246137,172773,4176,794
2024-07-19,101.47,222463,161945,3704,759
2024-07-20,97.56,223370,161229,3692,708
2024-07-21,101.23,191937,136820,3401,693
2024-07-22,101.62,201016,136276,3196,674
2024-07-23,103.92,199972,144689,3444,687
2024-07-24,103.61,195807,145720,3178,615
2024-07-25,100.25,197186,157822,3197,660
2024-07-26,101.53,206869,160015,3221,788
2024-07-27,93.95,215890,158677,2949,694
2024-07-28,100.09,197249,148693,2821,686
2024-07-29,101.76,202261,138139,2753,631
2024-07-30,98.33,201902,148717,2756,671
2024-07-31,102.89,202990,147295,2815,651
2024-08-01,107.61,223831,164052,3487,753
2024-08-02,118.02,223925,168336,3805,844
2024-08-03,119.9,229665,160168,3825,825
2024-08-04,141.18,237816,176731,4568,872
2024-08-05,138.38,244468,184069,4256,890
2024-08-06,130.02,233267,163867,4315,869
2024-08-07,117.22,225703,166889,3957,760
2024-08-08,116.56,226048,165125,3448,765
2024-08-09,114.13,218861,150025,3393,790
2024-08-10,109.84,233403,176733,3473,846
2024-08-11,116.55,220668,156162,3402,784
2024-08-12,130.89,231490,164803,4053,835
2024-08-13,123.77,234715,176483,3731,765
2024-08-14,130.88,242396,177661,4349,844
2024-08-15,135.88,259521,179314,4613,958
2024-08-16,135.7,263182,185998,4723,954
2024-08-17,130.87,270159,192633,4783,931
2024-08-18,128.81,256573,186658,5115,939
2024-08-19,129.41,274470,194683,4855,902
2024-08-20,132.32,287820,204340,5151,1038
2024-08-21,123.12,279496,196475,5272,998
2024-08-22,125.03,304806,223429,5437,1060
2024-08-23,120.69,288614,202232,4936,929
2024-08-24,117.04,290415,200066,4613,959
2024-08-25,123.01,275136,191109,4548,902
2024-08-26,126.26,281085,209524,4575,834
2024-08-27,122.85,253572,188645,3920,810
2024-08-28,125.16,245696,175535,3856,781
2024-08-29,120.73,209818,154120,3324,679
2024-08-30,122.83,191316,138945,3090,719
2024-08-31,118.31,200639,141717,3058,735
2024-09-01,149.28,1024454,678731,4253,1270
2024-09-02,136.7,458288,279687,2831,835
2024-09-03,124.16,229188,163662,3806,749
2024-09-04,125.51,204200,150123,3241,668
2024-09-05,123.54,201712,140228,2798,646
2024-09-06,124.19,207815,145493,3044,669
2024-09-07,118.28,219441,156711,3231,718
2024-09-08,121.88,206136,159929,3511,710
2024-09-09,135.11,222211,154749,4304,739
2024-09-10,132.76,214877,154113,4397,656
2024-09-11,132.56,222647,156849,4754,763
2024-09-12,122.55,201313,144213,3998,656
2024-09-13,123.48,213021,145901,4038,767
2024-09-14,114.88,205630,150883,4079,711
2024-09-15,128.86,224184,165250,4637,729
2024-09-16,134.56,230803,174002,4859,753
2024-09-17,128.35,205311,144218,4180,663
2024-09-18,142.8,187666,143814,2690,632
2024-09-19,122.05,200845,142356,3416,621
2024-09-20,119.13,220720,156563,2892,739
2024-09-21,114.49,213201,147635,2729,670
2024-09-22,124.7,219247,157701,2760,675
2024-09-23,126.35,213576,158604,2895,727
2024-09-24,125.59,214688,161106,2868,667
2024-09-25,116.17,203798,149284,2757,616
2024-09-26,112.73,199435,142094,2500,573
2024-09-27,114,192317,136056,2205,547
2024-09-28,105.27,231166,157483,2323,587
2024-09-29,113.71,206908,154289,2594,587
2024-09-30,118.01,208386,154530,2752,673
2024-10-01,112.58,226059,165729,2780,690
2024-10-02,113.56,208777,157905,2726,638
2024-10-03,115.51,230960,172706,2927,726
2024-10-04,112.42,208710,141912,2717,687
2024-10-05,102.32,195998,142507,2711,648
2024-10-06,112.47,161377,123939,2931,670
2024-10-07,115.09,205111,152955,3339,714
2024-10-08,113.04,209518,160693,2751,725
2024-10-09,114.2,201131,142081,2756,673
2024-10-10,116.9,201746,152588,3031,646
2024-10-11,118.38,211858,149728,2978,699
2024-10-12,114.42,211843,150754,3004,692
2024-10-13,118.74,194449,147628,2822,717
2024-10-14,120.21,197953,150409,2504,644
2024-10-15,119.4,211710,164244,2634,659
2024-10-16,154.2,232438,168200,3731,860
2024-10-17,154.04,239829,179253,4047,871
2024-10-18,138.4,237393,167385,3234,808
2024-10-19,128.97,243229,181807,3122,800
2024-10-20,133.55,226667,168225,3122,877
2024-10-21,151.3,236109,179570,3080,838
2024-10-22,143.68,238178,184960,3323,951
2024-10-23,142.84,246208,181084,3137,799
2024-10-24,137.59,167387,146803,3034,736
2024-10-25,140.01,223942,170345,3116,794
2024-10-26,131.73,261214,196541,3609,838
2024-10-27,139.92,254808,194054,3333,792
2024-10-28,134.74,168086,141590,3117,744
2024-10-29,142.61,236961,185430,3218,794
2024-10-30,140.64,247039,182667,3404,783
2024-10-31,137.18,258099,187358,3313,726
2024-11-01,137.99,274743,210476,3492,912
2024-11-02,129,241908,196125,3389,830
2024-11-03,136.23,260031,200522,3289,831
2024-11-04,151.93,266242,199986,3513,834
2024-11-05,142.68,263177,201756,3601,856
2024-11-06,164.3,277772,220849,3852,850
2024-11-07,177.17,265132,208778,3783,868
2024-11-08,167.45,237869,192781,3838,874
2024-11-09,165.04,267990,202874,4042,953
2024-11-10,189.03,282276,225923,4251,970
2024-11-11,214.41,292918,217036,4702,980
2024-11-12,188.38,276514,212655,4709,993
2024-11-13,184.27,257128,204185,4763,1031
2024-11-14,187.67,297384,238531,4737,1055
2024-11-15,184.08,302637,221949,4441,1143
2024-11-16,195.74,332230,259237,5589,1127
2024-11-17,206.93,314031,236224,5355,1100
2024-11-18,221.17,341255,261992,5657,1041
2024-11-19,196.9,351239,263983,5786,1105
2024-11-20,189.79,402600,312587,6767,1194
2024-11-21,180.71,359306,266340,6571,1085
2024-11-22,183.75,333708,259114,5508,1044
2024-11-23,177.94,322652,258704,5318,1006
2024-11-24,207.16,339678,262494,5507,1042
2024-11-25,217.72,333862,250248,5667,1015
2024-11-26,198.49,312620,241836,5012,974
2024-11-27,201.7,308101,227111,5057,898
2024-11-28,192.39,305119,234225,4644,925
2024-11-29,198.27,306020,231287,4934,937
2024-11-30,176.38,290337,216673,4508,862
2024-12-01,202.54,335158,264572,5305,982
2024-12-02,219.44,343024,272928,5633,955
2024-12-03,185.72,312622,250527,5262,879
2024-12-04,194.52,310082,240541,5214,880
2024-12-05,180.57,306280,238767,4418,903
2024-12-06,181.52,295894,227231,4018,798
2024-12-07,175.4,295732,222736,4018,871
2024-12-08,198.43,334730,273089,4381,935
2024-12-09,210.42,344558,264684,4806,938
2024-12-10,195.33,326882,249947,4503,910
2024-12-11,187.22,307216,225382,4755,829
2024-12-12,220.32,339545,262171,5707,966
2024-12-13,168.61,285194,215150,4015,799
2024-12-14,159.09,307481,234260,4556,880
2024-12-15,202.8,332733,246469,5185,1089
2024-12-16,215.89,338414,248003,5507,937
2024-12-17,190.08,302753,218138,5074,920
2024-12-18,187.57,293471,219977,4538,874
2024-12-19,184.42,302756,225773,4818,835
2024-12-20,181.65,297326,225092,4480,843
2024-12-21,177.3,310594,240761,4521,848
2024-12-22,207.86,319034,249742,4669,894
2024-12-23,205.69,310601,241937,4968,898
2024-12-24,187.02,278002,216538,3974,833
2024-12-25,190.13,285502,213098,3870,905
2024-12-26,197.63,309767,235683,4758,888
2024-12-27,177.43,316941,239161,4660,855
2024-12-28,174.45,322015,247455,4493,887
2024-12-29,202.91,346126,265115,5230,967
2024-12-30,203.84,319988,239760,5214,834
2024-12-31,184.94,323730,238346,4887,854
2025-01-01,192.6,414796,309053,6017,1135
2025-01-02,206.49,398490,295006,6234,987
2025-01-03,176.58,374450,273654,5537,859
2025-01-04,172.8,365529,267177,5237,979
2025-01-05,205.02,405405,307444,5610,1057
2025-01-06,215.34,383467,280846,5610,1004
2025-01-07,184.56,386576,295740,5517,966
2025-01-08,187.4,348734,257521,4623,862
2025-01-09,184.79,333178,247702,4430,845
2025-01-10,191.64,351925,266574,4583,917
2025-01-11,171.02,354377,254914,4834,990
2025-01-12,200.39,366335,278027,5135,976
2025-01-13,211.67,368925,273917,5604,1031
2025-01-14,193.72,338250,257241,5197,867
2025-01-15,182.84,325404,249639,4571,846
2025-01-16,183.04,322592,236895,4227,834
2025-01-17,189.5,333474,250440,4076,844
2025-01-18,177.77,327730,239960,4172,875
2025-01-19,203.46,336487,261178,4653,930
2025-01-20,209.16,369312,278837,5326,894
2025-01-21,193.38,335805,243911,5417,797
2025-01-22,186,309223,233222,4924,770
2025-01-23,179.74,304388,232629,4488,836
2025-01-24,178.91,342182,251196,4929,930
2025-01-25,183.1,341177,241948,4822,910
2025-01-26,205.69,348919,248361,5310,949
2025-01-27,210.25,358826,273538,5650,875
2025-01-28,193.1,338393,254391,5188,766
2025-01-29,189.66,308840,230592,4641,764
2025-01-30,185.68,328282,245964,4379,782
2025-01-31,195.66,346428,249144,4651,790
2025-02-01,187.13,354077,263959,4889,880
2025-02-02,201.53,327671,246273,4694,848
2025-02-03,218.44,330623,238883,5012,873
2025-02-04,205.73,359794,247324,5051,921
2025-02-05,218.93,371049,267758,4991,992
2025-02-06,205.56,367910,247682,4949,877
2025-02-07,216.57,359699,257860,5070,1008
2025-02-08,199.74,346592,238196,4598,963
2025-02-09,236.13,377539,278852,5587,1082
2025-02-10,241.74,356192,267684,5282,916
2025-02-11,207.77,338658,244601,4728,853
2025-02-12,209.88,338284,265348,4755,952
2025-02-13,206.43,332809,239255,4896,873
2025-02-14,203.25,313744,209157,4579,895
2025-02-15,190.69,321993,226581,4478,881
2025-02-16,202.63,340554,251509,5014,949
2025-02-17,200.68,318935,232289,4879,973
2025-02-18,218.18,333541,237048,5188,894
2025-02-19,181.66,313356,234627,4720,820
2025-02-20,184.26,303981,217396,4075,870
2025-02-21,220.82,324257,214032,4621,881
2025-02-22,190.53,312166,215838,4186,977
2025-02-23,204.38,331002,241373,4264,925
2025-02-24,220.77,323584,225782,4831,855
2025-02-25,197.81,304310,214955,4234,763
2025-02-26,190.17,301473,223633,3898,772
2025-02-27,191.29,293918,224396,3672,812
2025-02-28,202.14,311419,211073,4409,913
2025-03-01,192.51,333158,236212,4957,994
2025-03-02,191.4,310287,227882,4452,914
2025-03-03,221.29,334243,252459,6062,1062
2025-03-04,202.41,318765,240048,5350,873
2025-03-05,209.61,331824,248608,5610,1040
2025-03-06,207.27,337189,242291,5805,1001
2025-03-07,222.03,370201,269066,6290,971
2025-03-08,250.76,819770,582886,6184,1121
2025-03-09,259.64,837287,599363,6743,1236
2025-03-10,273.94,807884,620801,6784,1204
2025-03-11,283.93,781038,603703,6639,1114
2025-03-12,275.7,762704,572280,6407,1224
2025-03-13,277.86,741650,557709,5908,1168
2025-03-14,261.69,721046,556991,4853,1041
2025-03-15,273.56,752081,543936,5277,1152
2025-03-16,267.21,783703,580163,5614,1278
2025-03-17,288.65,767132,570163,5853,1207
2025-03-18,259.09,720940,523863,5212,996
2025-03-19,283.21,730249,542654,5680,1135
2025-03-20,268.32,705850,540675,4970,993
2025-03-21,279.07,731368,531356,5498,1321
2025-03-22,284.06,725700,521562,5476,1149
2025-03-23,275.39,688801,521134,4768,985
2025-03-24,291.08,687470,501278,5092,1026
2025-03-25,253.01,689906,522322,4443,927
2025-03-26,259.97,673877,481990,4506,964
2025-03-27,260.53,672842,493526,4827,927
2025-03-28,266.46,716090,516608,4927,1058
2025-03-29,261.84,769569,559152,5483,1180
2025-03-30,255.43,888757,650210,5688,1281
2025-03-31,297.93,1027161,743082,7845,1540
2025-04-01,239.04,967835,673672,6390,1289
2025-04-02,252.47,988267,723153,5934,1379
2025-04-03,250.33,982182,712062,6061,1345
2025-04-04,218.78,497363,366185,5403,1330
2025-04-05,204.14,421160,304088,4555,1379
2025-04-06,205.29,372377,260792,4278,1323
2025-04-07,230.41,387485,267085,4548,1307
2025-04-08,199.43,364464,264659,4422,1160
2025-04-09,223.44,363081,272769,4363,1253
2025-04-10,227.59,359637,252368,4509,1126
2025-04-11,211.52,356995,260057,4211,1164
2025-04-12,216.92,359926,255677,4549,1217
2025-04-13,250.85,351253,256564,4667,1316
2025-04-14,277.88,362026,259501,5422,1183
2025-04-15,219.9,327888,236749,4474,987
2025-04-16,219.19,293977,212694,3998,975
2025-04-17,212.42,319037,218848,3842,1033
2025-04-18,256.79,343491,245560,4631,1197
2025-04-19,239.98,330183,232823,4347,1092
2025-04-20,267.38,350128,251937,4615,1220
2025-04-21,267.02,380753,277544,5531,1295
2025-04-22,272.44,418406,304481,6131,1268
2025-04-23,207.02,324550,227692,4745,1042
2025-04-24,193.31,315033,217931,3863,984
2025-04-25,214.96,302144,216027,3569,893
2025-04-26,192.54,238812,180051,3337,922
2025-04-27,199.28,290459,216754,3022,879
2025-04-28,268.09,347805,257149,4557,944
2025-04-29,199.06,308408,222310,3532,899
2025-04-30,193.02,295749,220437,3292,936
2025-05-01,178.99,305069,209720,3154,900
2025-05-02,175.42,276774,204705,3872,1213
2025-05-03,223.06,358683,264086,4727,1448
2025-05-04,215.05,332870,246310,4556,1377
2025-05-05,224.38,338597,241031,4780,1444
2025-05-06,232.48,338260,249832,4781,1400
2025-05-07,232.5,345134,239207,4899,1503
2025-05-08,212.5,293398,220835,4704,1595
2025-05-09,216.53,363029,259103,4741,1658
2025-05-10,215.73,261083,197399,4310,1661
2025-05-11,246.22,287779,211840,4558,1706
2025-05-12,274.07,270330,192544,5407,1774
2025-05-13,150.09,168798,134342,3240,1139
2025-05-15,370.04,331465,276955,5885,1277
2025-05-16,388.25,390494,299497,7263,2157
2025-05-17,182.38,205565,154546,4475,1673
2025-05-18,238.82,288379,210236,5354,1807
2025-05-19,237.7,260939,196799,5459,1843
2025-05-20,200.09,222597,163686,4325,1362
2025-05-21,198.58,219414,159087,4246,1378
2025-05-22,208.29,208925,153483,4155,1194
2025-05-23,196.82,221145,177346,4534,1680
2025-05-24,188.22,215931,163367,4714,1866
2025-05-25,210.45,229168,170152,4421,1796
2025-05-26,226.34,231378,174490,4359,1499
2025-05-27,198.88,224896,172620,4198,1534
2025-05-28,187.44,214119,169557,5382,3141
2025-05-29,183.62,210682,160412,5484,3348
2025-05-30,192.42,195309,148451,4812,2883
2025-05-31,183.96,208584,166267,5635,3738
2025-06-01,205.42,236063,185863,5895,3811
2025-06-02,213.19,238932,185083,5563,3534
2025-06-03,188.98,246663,189652,5998,3720
2025-06-04,196.99,235978,182314,5632,3553
2025-06-05,201.54,258164,200650,6007,3733
2025-06-06,172.95,220164,170221,4159,1851
2025-06-07,172.61,234223,182202,4337,1722
2025-06-08,180.96,252826,188677,4714,1912
2025-06-09,190.52,243904,186559,4528,1782
2025-06-10,179.54,251373,194439,4380,1763
2025-06-11,177.1,249513,192107,4513,1771
2025-06-12,176.04,229461,175201,3999,1626
2025-06-13,176,226903,170750,3743,1524
2025-06-14,179.05,234557,174905,4249,1652
2025-06-15,297.58,372647,269020,7290,2081
2025-06-16,223.55,261185,200268,6446,1593
2025-06-17,211.74,214948,162738,5783,1624
2025-06-18,224.09,223803,174874,6010,1806
2025-06-19,219.12,230160,181842,5475,1662
2025-06-20,223.78,234421,188008,5583,1715
2025-06-21,188.28,214860,165953,4961,1686
2025-06-22,226.85,251326,198976,5651,1763
2025-06-23,234.16,260550,201693,6285,1852
2025-06-24,203.92,279808,222795,6215,1787
2025-06-25,216.43,252708,199358,5592,1679
2025-06-26,195.44,231293,180253,4992,1468
2025-06-27,214.96,246741,200201,5932,1812
2025-06-28,208.73,244839,192398,5459,1730
2025-06-29,210.31,250287,192465,5678,1739
2025-06-30,230.17,283567,225436,6382,1807
2025-07-01,203.54,255060,208049,5611,1727
2025-07-02,207,256146,213064,5429,1708
2025-07-03,206.61,252174,212648,5425,1783
2025-07-04,211.47,261415,206429,5126,1773
2025-07-05,191.38,262216,208372,5418,1767
2025-07-06,212.29,300818,231619,5589,1867
2025-07-07,229.58,298397,234389,6412,2061
2025-07-08,209.85,288148,224601,5723,1899
2025-07-09,208.73,270339,215962,5084,1739
2025-07-10,232.19,290615,220566,5653,1888
2025-07-11,218.11,263486,200198,5324,1929
2025-07-12,208.58,254586,198511,5123,1869
2025-07-13,190.31,266006,210872,5554,1710
2025-07-14,221.29,261283,192879,5298,1741
2025-07-15,207.95,254795,191368,5110,1643
2025-07-16,206.4,227221,179153,5150,1516
2025-07-17,207.45,255222,189157,5477,1538
2025-07-18,211.8,240246,185455,5501,1613
2025-07-19,207.43,240604,178562,5553,1651
2025-07-20,226.68,265920,199191,5135,1632
2025-07-21,223.53,263552,195193,5383,1586
2025-07-22,200.95,231606,181336,5265,1574
2025-07-23,194.35,219277,164776,4684,1569
2025-07-24,200.41,200550,152650,3846,1442
2025-07-25,203.25,200311,143980,3715,1553
2025-07-26,192.08,189054,141006,3676,1560
2025-07-27,211.51,207274,146864,3947,1644
2025-07-28,221.28,203990,148142,4073,1550
2025-07-29,199.48,204283,142827,3755,1213
2025-07-30,207.19,202419,142474,4429,1115
2025-07-31,195.23,201738,151880,4032,1443
2025-08-01,199.42,193996,145658,3857,1520
2025-08-02,174.02,154959,108451,3743,1496
2025-08-03,213.57,190420,132775,4245,1661
2025-08-04,180.9,161178,108775,3700,1384
2025-08-05,178.13,166839,111434,3578,1111
2025-08-06,212.54,190944,132826,4196,1283
2025-08-07,213.9,186009,127953,4340,1302
2025-08-08,219.17,201057,137596,4557,1354
2025-08-09,201.31,207856,138036,4456,1284
2025-08-10,212.96,229054,155485,4851,1421
2025-08-11,220.16,257507,178234,5834,1509
2025-08-12,193.53,234778,166986,4912,1466
2025-08-13,194.24,215479,156408,4891,1390
2025-08-14,195.69,231263,158382,4893,1357
2025-08-15,197.93,212963,147110,4251,1347
2025-08-16,178.29,178978,128269,3401,1143
2025-08-17,189.26,176366,119848,3126,1132
2025-08-18,210.79,185753,129882,3255,1058
2025-08-19,201.76,174330,120774,3583,1004
2025-08-20,198.86,166779,119036,3431,1037
2025-08-21,211.21,182521,133730,3546,1102
2025-08-22,205.44,177721,126603,3612,1154
2025-08-23,209.49,166531,117124,3742,1251
2025-08-24,217.95,154833,103675,3432,1163
2025-08-25,194.79,134429,92468,2954,1030
2025-08-26,177.55,135595,93566,2697,901
2025-08-27,175.03,133191,98429,2652,915
2025-08-28,176.49,139908,104730,2589,922
2025-08-29,133.56,112549,93778,2120,770
2025-08-30,202.34,144319,108619,2844,1027
2025-08-31,188.63,143439,101458,2793,1115
2025-09-01,206.2,161918,119594,3116,1057
2025-09-02,170.69,144896,110190,2739,965
2025-09-03,233.66,210375,144663,3872,1198
2025-09-04,231.17,212898,144245,4054,1260
2025-09-05,233.71,189798,127985,3451,1137
2025-09-06,228.03,170712,120068,3099,1105
2025-09-07,284.4,212949,144032,3675,1367
2025-09-08,301.66,249334,188245,5291,1398
2025-09-09,244.15,271092,195303,6240,1616
2025-09-10,218.62,215008,160847,4616,1330
2025-09-11,196.28,241705,189042,5983,1304
2025-09-12,197.85,265705,193488,7020,1456
2025-09-13,189.36,290120,219223,6807,1536
2025-09-14,224.68,245078,186389,5309,1459
2025-09-15,242.22,237467,173223,4466,1437
2025-09-16,215.73,197687,140344,3668,1327
2025-09-17,216.23,197037,149011,3683,1336
2025-09-18,223.23,197314,145814,3629,1254
2025-09-19,208.28,183040,131702,3393,1240
2025-09-20,222.9,181994,135165,3403,1101
2025-09-21,261.16,220470,158598,4057,1276
2025-09-22,246.3,202104,151897,3693,1119
2025-09-23,303.57,240945,180525,5165,1402
2025-09-24,207.66,179616,138154,3982,1292
2025-09-25,224.49,207465,153510,4266,1212
2025-09-26,220.73,196380,140944,3861,1190
2025-09-27,219.98,184231,133618,3799,1230
2025-09-28,270.56,227319,160546,4997,1538
2025-09-29,269.52,235527,171119,5451,1488
2025-09-30,240.33,218638,154305,5875,1581
2025-10-01,241.01,229754,161144,6740,1558
2025-10-02,230.08,248707,181162,6712,1789
2025-10-03,232.44,222607,158966,5484,1464
2025-10-04,221.78,206673,157842,5026,1575
2025-10-05,266.33,217378,157559,5283,1629
2025-10-06,277.76,211991,152475,5206,1594
2025-10-07,263.19,231407,178575,4815,1464
2025-10-08,221.31,205909,159999,3928,1447
2025-10-09,222.85,214430,157727,3873,1261
2025-10-10,268.97,340487,220787,5685,1609
2025-10-11,202.36,226830,156399,4800,1544
2025-10-12,256.67,301906,201200,5836,1689
2025-10-13,252.28,284538,183540,6425,1714
2025-10-14,286.96,296067,179472,5365,2012
2025-10-15,236.33,301885,203744,6678,2256
2025-10-16,203.4,228639,158512,5174,1857
2025-10-17,285.9,448672,290319,13416,3249
2025-10-18,255.56,394846,266243,12261,3134
2025-10-19,337.49,566619,362469,16074,4825
2025-10-20,311.08,537160,373030,16081,3916
2025-10-21,333.86,554109,380288,18104,4323
2025-10-22,331.79,561162,366718,15324,4226
2025-10-23,273.41,422562,287479,10237,3325
2025-10-24,284.8,478084,316778,11299,4111
2025-10-25,258.05,422757,281670,10393,4089
2025-10-26,300.54,407248,281947,9781,3725
2025-10-27,325.14,480788,318006,11722,4337
2025-10-28,324.93,425245,282144,20609,14630
2025-10-29,269.69,382728,271768,15090,9048
2025-10-30,277.93,339484,229144,15684,7559
2025-10-31,327.83,430838,307000,31096,23430
2025-11-01,293,392805,296228,28452,20002
2025-11-02,309.56,400252,265795,15043,5526
2025-11-03,284.6,388885,298300,11569,3118
2025-11-04,362.38,415123,278055,12868,3396
2025-11-05,327.42,432089,277926,13944,4228
2025-11-06,328.07,435842,293119,13693,5443
2025-11-07,329.54,441368,288062,12617,5160
2025-11-08,314.36,435999,296621,12025,4967
2025-11-09,359.19,593887,372149,14737,6422
2025-11-10,352.24,505703,324236,12359,5848
2025-11-11,342.36,599901,382696,12687,6141
2025-11-12,351.15,818859,527116,16015,5508
2025-11-13,334.59,775144,515234,13586,3953
2025-11-14,357.52,582084,405873,10684,3229
2025-11-15,312.48,210628,151735,4575,1827
2025-11-16,409.01,211054,135076,3850,1383
2025-11-17,322.08,153448,103686,3044,1334
2025-11-18,303.59,147986,99895,3240,1306
2025-11-19,362.3,185245,119750,4191,1707
2025-11-20,380.2,186165,122783,4372,1822
2025-11-21,339.96,170013,114895,3824,1727
2025-11-22,319.3,208447,148698,4474,1513
2025-11-23,326.49,157356,97606,2940,1251
2025-11-24,324.03,173671,114298,2865,1260
2025-11-25,310.45,176724,117367,3465,1229
2025-11-26,294.36,176150,121596,3347,1214
2025-11-27,285.73,190073,129791,3428,1159
2025-11-28,304.76,196721,141059,3472,1188
2025-11-29,275.03,183721,132214,3222,1102
2025-11-30,325.99,199942,130633,3648,1288
2025-12-01,311.3,203734,146432,3432,1294
2025-12-02,299.36,195002,139269,3245,1140
2025-12-03,288.29,204747,146757,3203,1137
2025-12-04,298.38,213313,157180,3281,1088
2025-12-05,293.92,184831,123567,3143,1066
2025-12-06,291.51,154533,105042,2552,895
2025-12-07,296.18,109154,69251,2357,928
2025-12-08,348.29,147138,89295,2984,1094
2025-12-09,302.97,144610,84880,2595,945
2025-12-10,317.23,144425,90995,2688,1104
2025-12-11,312.4,153371,95484,3441,1156
2025-12-12,313.22,160037,100686,4537,1194
2025-12-13,321.25,168640,109053,5438,1216
2025-12-14,315.08,168446,111813,4063,1255
2025-12-15,350.7,166799,99709,3466,1274
2025-12-16,345.65,176819,110530,3373,1276
2025-12-17,323.91,197368,125221,4196,1816
2025-12-18,347.4,199964,126382,4101,1570
2025-12-19,352.97,214536,138375,4131,1594
2025-12-20,340.32,198122,134322,3898,1550
2025-12-21,345.26,194215,121107,3969,1384
2025-12-22,351.56,158801,98371,2938,1249
2025-12-23,324.89,167603,108074,3171,1339
2025-12-24,319.2,190060,115089,3597,1070
2025-12-25,280.29,149682,97923,4049,985
2025-12-26,343.96,165157,102619,5160,1135
2025-12-27,262.2,133871,87763,3681,1016
2025-12-28,349.58,165554,102558,4503,1111
2025-12-29,333.03,164285,98864,4760,1125
2025-12-30,314.52,151432,92662,4428,1087
2025-12-31,279.43,160588,105715,4469,1158
2026-01-01,302.47,169945,113306,4486,1307
2026-01-02,300.74,167431,111900,4360,1362
2026-01-03,256.68,154381,94982,3346,1127
2026-01-04,305.1,168066,105202,3640,1306
2026-01-05,329.86,161069,103089,3477,1206
2026-01-06,299.31,165069,107405,3512,1402
2026-01-07,251.87,153365,95421,2962,1241
2026-01-08,252.45,159005,101912,2645,1127
2026-01-09,280.66,161257,106690,2605,1103
2026-01-10,264.23,170836,116967,3098,1173
2026-01-11,283.62,168973,113277,3375,1172
2026-01-12,265.44,224527,157077,5539,1437
2026-01-13,285.93,249614,181546,6276,1445
2026-01-14,279.4,189162,127454,4819,1203
2026-01-15,264.7,191394,139998,5997,1343
2026-01-16,334.75,285511,212386,7688,1827
2026-01-17,257.45,107233,73547,4871,1329
2026-01-18,327.96,127804,84558,5475,1479
2026-01-19,327.69,180844,114019,6208,1505
2026-01-20,311.4,150191,93876,4732,1372
2026-01-21,327.99,193077,119649,6745,1561
2026-01-22,282.1,174549,117566,6032,1387
2026-01-23,307.41,155928,100236,5447,1322
2026-01-24,292.21,167634,104396,4600,1213
2026-01-25,335.2,186567,118280,5361,1486
2026-01-26,323.96,177813,112023,4918,1416
2026-01-27,312.98,180849,119876,5413,1445
2026-01-28,269.77,190152,131642,4472,1329
2026-01-29,288.39,199330,129048,3777,1244
2026-01-30,338.44,247951,157359,4352,1518
2026-01-31,283.99,233462,150936,4002,1642
2026-02-01,336.6,240469,154996,4231,1673
2026-02-02,334.14,243541,150406,4013,1608
2026-02-03,329.55,245074,155675,4184,1668
2026-02-04,309.08,283156,189017,5486,1824
2026-02-05,348.79,297677,204418,8274,1713
2026-02-06,389.61,478716,320687,17474,2404
2026-02-07,310.82,212090,159370,6178,1481
2026-02-08,312.05,284182,195207,7824,1820
2026-02-09,337.58,350637,252520,9736,2021
2026-02-10,336.39,354792,258537,11843,1921
2026-02-11,369.86,440354,290857,12420,2433
2026-02-12,306.92,363635,251431,10580,2157
2026-02-13,301.54,381914,261470,10283,1890
2026-02-14,296.18,339078,241552,9647,1829
2026-02-15,379.36,508919,334356,13585,3715
2026-02-16,337.11,505735,353635,13251,3839
2026-02-17,301.85,230140,156629,4950,1829
2026-02-18,366.61,316249,203601,7624,2828
2026-02-19,339.23,279400,193666,5895,2415
2026-02-20,344.23,325741,218501,6567,2611
2026-02-21,313.06,362574,236280,7343,3883
2026-02-22,391.51,440312,273715,9038,3686
2026-02-23,354.75,412716,273639,7772,3122
2026-02-24,348.64,363466,238415,6851,3382
2026-02-25,382.45,388600,268398,8471,3609
2026-02-26,384.86,461355,288811,9968,4174
2026-02-27,392.86,345543,222876,4225,2296
2026-02-28,431.18,365362,227451,4574,2380
2026-03-01,430.01,487154,304059,5288,2758
2026-03-02,435.61,399727,254335,5167,2374
2026-03-03,428.96,461911,312308,7180,3154
2026-03-04,389.13,457901,283745,6930,2984
2026-03-05,419.25,504834,321306,7142,3204
2026-03-06,389.63,482156,301890,7151,3476
2026-03-07,377.2,437837,278296,6899,3484
2026-03-08,450.35,446941,290290,7541,3391
2026-03-09,441.01,362485,225722,6499,2856
2026-03-10,380.87,298943,192117,5240,2947
2026-03-11,412.86,319031,209188,6607,4268
2026-03-12,392.99,271591,172668,4975,2800
2026-03-13,419.3,294548,191408,5429,2818
2026-03-14,377.39,290731,187955,5663,3147
2026-03-15,430.79,319572,192402,6578,3888
2026-03-16,418.96,306670,188814,5815,3272
2026-03-17,415.63,324091,200195,6161,2889
2026-03-18,407.18,361849,244600,5975,2431
2026-03-19,400.59,394417,268557,7329,2355
2026-03-20,339.12,419385,311717,7781,2441
2026-03-21,437.86,847562,503795,21430,4034
2026-03-22,546.31,648579,443606,16510,3579
2026-03-23,354.12,279865,187980,6378,1923
2026-03-24,336.62,308239,207020,6718,1829
2026-03-25,295.95,330206,198800,5473,1819
2026-03-26,387.47,540980,318101,10095,2825
2026-03-27,334.24,436658,277542,8277,2762
2026-03-28,321.04,394738,257678,6694,2330
2026-03-29,395.42,397706,249033,6734,2515
2026-03-30,348.89,334551,208685,5926,2068
2026-03-31,345.9,293730,189027,5305,1559
2026-04-01,306.71,299812,193899,4920,1600
2026-04-02,316.58,285844,194202,5041,1697
2026-04-03,292.15,256804,169577,5180,1449
2026-04-04,292.89,257353,170866,5456,1282
2026-04-05,336.4,220441,137875,4219,1509
2026-04-06,263.04,166354,114286,2583,1107
2026-04-07,322.92,244335,152170,4671,1425
2026-04-08,259.81,334607,216496,7843,1937
2026-04-09,270.69,264205,164050,5171,1636
2026-04-10,338.24,349354,195458,7488,1758
2026-04-11,284.02,215573,116023,6190,1048
2026-04-12,342.24,362456,182969,13127,1360
2026-04-13,228.09,196118,106734,6060,1046
2026-04-14,261.03,302488,168926,9733,1372
2026-04-15,296.67,335152,189300,9856,1484
2026-04-16,311.04,356239,186357,8344,1863
2026-04-17,328.63,416178,223551,8241,2381
2026-04-18,280.34,338092,215944,6810,2508
2026-04-19,353.08,487491,308143,10200,4961
2026-04-20,349.39,390985,285610,8057,3436
2026-04-21,341.62,478533,348010,8734,3939
2026-04-22,353.27,458977,326271,8081,3670
2026-04-23,319.03,401751,304492,6724,3309
2026-04-24,362.27,506025,389991,7649,4098
2026-04-25,361.92,435586,324318,6106,2848
2026-04-26,410.02,555191,430852,8843,4892
2026-04-27,400.97,465486,348263,7103,3726
2026-04-28,345.49,394987,304979,5927,3175
2026-04-29,330.99,372879,276545,5308,3221
2026-04-30,345.98,406715,312929,6008,3534
2026-05-01,355.99,411170,300065,5910,3500
2026-05-02,359.65,418763,309262,6004,3881
2026-05-03,392.9,422141,317559,5877,3936
2026-05-04,389.11,416981,311277,5859,3755
2026-05-05,368.53,382973,302859,6280,3653
2026-05-06,339.78,348376,280975,5720,3416
2026-05-07,373.12,375272,283046,5470,3364
2026-05-08,457.26,447133,321845,6209,3818
2026-05-09,405.42,413123,316684,6306,3925
2026-05-10,518.71,514678,363134,7324,4395
2026-05-11,370.32,371242,260846,5902,3859
2026-05-12,358.4,378183,271822,6314,4120
2026-05-13,361.69,400396,284929,6184,4180
2026-05-14,354.21,425210,308109,6804,4841
2026-05-15,407.47,444657,337878,7203,5136
2026-05-16,386.8,473935,348394,7483,5453
2026-05-17,432.95,518324,356257,7378,5281
2026-05-18,488.51,547821,384573,8142,5676
2026-05-19,513.09,563017,384083,8963,6071
2026-05-20,468.27,474787,329040,7828,5234
2026-05-21,463.29,414017,264122,6753,4096
2026-05-22,495.18,383831,261772,6187,3565
2026-05-23,502.94,351893,245237,6018,3498
2026-05-24,526.09,364732,258679,6003,3497
2026-05-25,550.31,415253,280421,7222,4034
2026-05-26,517.87,447007,308877,7636,3983
2026-05-27,494.49,459260,318677,7596,3960
2026-05-28,512.67,462317,323092,7913,4317
2026-05-29,512.51,474844,329334,7747,4129
2026-05-30,484.09,427163,299199,6960,3827
2026-05-31,540.6,507797,357038,8367,4573
2026-06-01,535.86,490557,331612,8115,4281
2026-06-02,513.12,499272,335548,7948,4326
2026-06-03,462.17,456479,278982,7071,4074
2026-06-04,445.5,395913,275068,6557,3870
2026-06-05,450.88,434076,299882,8981,6009
2026-06-06,434.16,421647,311153,13231,11457
2026-06-07,466.91,427721,312391,12879,10473
2026-06-08,412.59,353707,260956,5996,3516
2026-06-09,359.32,347208,243978,5965,3610
2026-06-10,311.56,297304,224914,5468,3500
2026-06-11,362.83,337357,239544,5822,3312
2026-06-12,340.21,317286,231602,5310,2859
2026-06-13,364.91,311635,219354,5292,3481
2026-06-14,337.69,300970,222955,5142,3410
2026-06-15,381.02,328278,245886,5819,3167
2026-06-16,415.19,367958,263872,7144,3656
2026-06-17,346.69,357756,264208,6178,3496
2026-06-18,342.25,321582,222895,6087,3403
2026-06-19,334.8,311801,219918,5665,3222
2026-06-20,342.1,333536,243657,6055,3379
2026-06-21,367.73,315773,215366,5744,3040
2026-06-22,377.32,329032,234548,6251,3005
2026-06-23,390.93,379061,251322,6578,3569
2026-06-24,381.26,362980,247296,5687,3338
2026-06-25,388.1,358562,254354,6089,3474
2026-06-26,384.17,388528,274806,6296,3547
2026-06-27,371.77,359042,256681,5870,3301
2026-06-28,421.71,387024,277519,6445,3672
2026-06-29,418.33,386895,269909,6615,3628
2026-06-30,428.25,398026,270044,7253,4122
2026-07-01,434.34,405241,288720,7324,4338
2026-07-02,404.34,347758,246134,6405,3947
2026-07-03,407.5,348656,249499,6772,4123
2026-07-04,407.57,349994,251608,6405,3741
2026-07-05,426.47,365116,251603,6835,3730
2026-07-06,451.1,362007,231933,6878,3840
2026-07-07,461.06,404530,277215,7193,3971
2026-07-08,447.29,449355,298898,8659,5386
2026-07-09,437.13,432820,282231,8266,5232
2026-07-10,429.15,398576,278448,7144,4211
2026-07-11,417.34,369961,248333,6383,3581
2026-07-12,474.82,513251,348130,8013,4972
2026-07-13,460.16,451680,320626,6984,4082
2026-07-14,489.48,502883,328800,8104,4918
2026-07-15,472.51,476295,310967,7779,4616
2026-07-16,521.11,572698,362967,8718,5047
2026-07-17,508.96,527202,330936,8102,4747
2026-07-18,576.18,556958,337019,8765,5012
2026-07-19,523.61,592619,362343,9065,5539
2026-07-20,548.92,613777,379617,8754,5501
2026-07-21,519.19,569476,362568,8467,5295
2026-07-22,494.79,535013,360029,7382,4661
2026-07-23,465.57,525221,355458,7588,4734
2026-07-24,461.12,508332,332869,7346,4863
2026-07-25,448.8,490610,321889,7518,5051
2026-07-26,500.31,549860,365258,8002,5195
2026-07-27,541.65,575749,380351,8768,5571
2026-07-28,495.23,555006,358879,8841,6157
2026-07-29,471.23,590585,381326,9125,6594
2026-07-30,458.01,562611,367370,9483,6788
2026-07-31,487.98,608001,406357,9753,6600
2026-08-01,500.71,728440,478498,11437,7643
2026-08-02,494.89,798874,524396,11951,7668
2026-08-03,517.16,776895,486994,11196,7362
2026-08-04,455.46,736133,485250,10481,6905
2026-08-05,432.15,640262,418834,9055,6156
2026-08-06,460.26,597368,405961,8683,6357
2026-08-07,438.18,545361,383550,8012,5816
2026-08-08,491.34,631759,431398,8970,6495
2026-08-09,488.05,561428,384429,8109,5728
2026-08-10,500.29,509632,334052,6907,4770
2026-08-11,449.35,471092,346858,7245,5148
2026-08-12,570.45,425032,261405,7584,5183
2026-08-13,517.34,360966,219402,6346,4073
2026-08-14,525.58,347943,227948,5905,3984
2026-08-15,615.46,405377,253368,6744,4566
2026-08-16,588.38,353572,216891,6058,4000
2026-08-17,491.56,341488,217474,5854,4302
2026-08-18,531.37,352774,231228,6071,4333
2026-08-19,511.6,351395,217317,6803,4904
2026-08-20,521.01,392263,248271,8051,4629
2026-08-21,530,378012,244474,7550,4265
2026-08-22,550.02,377467,235199,7352,4224
2026-08-23,563.61,390916,243580,7408,4367
2026-08-24,473.42,307302,202407,5431,3737
2026-08-25,528.86,388736,246548,6941,3935
2026-08-26,506.57,391964,257085,7761,4523
2026-08-27,528.68,414933,284088,7760,4153
2026-08-28,511.91,444026,301274,7923,4369
2026-08-29,536.91,573334,385590,9434,4865
2026-08-30,402.52,408931,286543,6828,3998
2026-08-31,748.83,777878,480310,11246,6420
2026-09-01,532.53,567749,349410,8880,5658
2026-09-02,400.62,436728,254830,6786,4229
2026-09-03,314.42,346763,222347,5536,3811
2026-09-04,325.3,349368,224862,5180,3446
2026-09-05,328.74,352926,244723,5303,3686
2026-09-06,372.1,364949,247919,5910,4171
2026-09-07,482.44,393083,251556,6016,4267
2026-09-08,484.5,389961,246903,6771,4267
2026-09-09,525.1,505022,313695,8510,5432
2026-09-10,505.15,439873,261337,8580,5057
2026-09-11,450.79,428659,252543,7633,5420
2026-09-12,457.13,473030,281442,7990,5870
2026-09-13,468.4,578407,335483,9273,7269
2026-09-14,593.69,687621,386492,9745,7264
2026-09-15,449.11,549609,285716,8393,6792
2026-09-16,642.69,735985,365335,10951,7365
2026-09-17,419.34,443889,259091,7842,5173
2026-09-18,495.67,533681,299746,9175,6193
2026-09-19,527.6,652819,334338,11469,8613
2026-09-20,548.74,652755,354076,11276,8468
2026-09-21,682.87,744871,391391,14107,10390
2026-09-22,473.36,540884,303695,9609,6916
2026-09-23,527.4,545895,327443,10048,7230
2026-09-24,446.37,465299,285497,9390,6901
2026-09-25,463.02,477816,289929,8396,5939
