day,service_category,visit_status,services_delivered,distinct_orders,distinct_patients,new_first_services,new_first_orders,new_first_patients,new_created_services,new_created_orders,new_created_patients
2026-09-01,physiotherapy,finished,42,42,41,6,6,6,5,5,5
2026-09-01,physiotherapy,cancelled,3,3,3,1,1,1,1,1,1
2026-09-01,nursing,finished,51,50,44,9,9,8,7,7,6
2026-09-01,nursing,reviewed,6,6,6,0,0,0,0,0,0
2026-09-01,doctorVisit,finished,14,14,14,5,5,5,4,4,4
2026-09-01,labTest,finished,13,12,12,4,4,4,3,3,3
2026-09-01,physiotherapy (b2b),finished,4,4,4,0,0,0,0,0,0
2026-09-02,physiotherapy,finished,45,45,44,7,7,7,6,6,6
2026-09-02,nursing,finished,49,48,42,8,8,7,6,6,6
